{
  "name": "gst-master-erp",
  "private": true,
  "version": "0.0.0",
  "type": "module",
  "scripts": {
    "dev": "vite",
    "build": "vite build",
    "preview": "vite preview"
  },
  "dependencies": {
    "react-router-dom": "^7.11.0",
    "react": "^19.2.3",
    "@google/genai": "^1.34.0",
    "recharts": "^3.6.0",
    "react-dom": "^19.2.3"
  },
  "devDependencies": {
    "@types/node": "^22.14.0",
    "@vitejs/plugin-react": "^5.0.0",
    "typescript": "~5.8.2",
    "vite": "^6.2.0"
  }
}
